"time_step","loc_Emax","num_occupied","num_extinct","centroid","leading_edge","trailing_edge"
1,600,127061,142939,598.111921369689,1142.7,61.7
2,601,127606,142394,599.010570596484,1141.2,49.8
3,602,127790,142210,600.957360959651,1144,63.1
4,603,127749,142251,599.56538503911,1148.8,48.1
5,604,127495,142505,600.0033673813,1151.5,56.3
6,605,127740,142260,598.823171431852,1151.4,62.6
7,606,127416,142584,602.361851332398,1157,62
8,607,127160,142840,602.202972596377,1149.5,62
9,608,127296,142704,601.609431539629,1151.4,66.4
10,609,127510,142490,602.995375859616,1162.2,66.2
11,610,127182,142818,604.097710843374,1151.5,65.1
12,611,127615,142385,607.870944570813,1144.5,66.7
13,612,127388,142612,608.949699879952,1155.5,63.3
14,613,127488,142512,608.429222058099,1162.3,70.5
15,614,127132,142868,608.933521057786,1149.2,66.1
16,615,127482,142518,607.757199113955,1151.7,70.8
17,616,127206,142794,608.957865868861,1160.1,73
18,617,127386,142614,608.777901647467,1162.5,66.3
19,618,127525,142475,613.342452126337,1165.5,81.6
20,619,127214,142786,613.046847744829,1173.5,81.4
21,620,127153,142847,617.673935091278,1170.4,78.6
22,621,127002,142998,615.618880681107,1170.4,69.7
23,622,126981,143019,619.574577332498,1166,71.8
24,623,127262,142738,615.480778894472,1156,75.2
25,624,127205,142795,618.935959339263,1168.6,78.6
26,625,126960,143040,619.55924230867,1161.1,82.8
27,626,126969,143031,621.637891520244,1163.2,79.9
28,627,127368,142632,620.264918282022,1172.2,76.4
29,628,126818,143182,623.450970442725,1170.1,83.5
30,629,127429,142571,625.3625,1173.8,79.9
31,630,126966,143034,624.448678861789,1175.2,85.8
32,631,127054,142946,624.259136635681,1175.9,86.3
33,632,127199,142801,627.621739130435,1180.8,88.4
34,633,127135,142865,628.547309359857,1179.5,92.7
35,634,127240,142760,632.106319989703,1181.6,88.4
36,635,127361,142639,633.279832253145,1179.4,90
37,636,127301,142699,634.320550388584,1178.3,89.3
38,637,127375,142625,634.64772580853,1183.6,93.9
39,638,127152,142848,633.077330919436,1187.5,105.1
40,639,127236,142764,635.662257608835,1183.8,90.4
41,640,127077,142923,632.322104172065,1192,91.7
42,641,127258,142742,634.782375278251,1184.1,86.6
43,642,127057,142943,638.324768756423,1183.8,88.8
44,643,127613,142387,636.206310679612,1180.7,88.4
45,644,127188,142812,637.795934122491,1182.4,94.8
46,645,126920,143080,638.454008221994,1184.2,97.2
47,646,127169,142831,640.754112995791,1188,98
48,647,126852,143148,639.461557980208,1189.3,99.8
49,648,126903,143097,640.796553064662,1193.9,101.6
50,649,126860,143140,640.649355620773,1192.5,106.1
51,650,127047,142953,643.96744542321,1192.3,100.9
52,651,127107,142893,644.550889770836,1185,108.5
53,652,127110,142890,647.520066462168,1198.9,102
54,653,126974,143026,643.446364567332,1185.3,105.6
55,654,127044,142956,645.931659332125,1187.9,101.1
56,655,126902,143098,646.160998318893,1195.8,110.8
57,656,127051,142949,648.727319854847,1187.6,113.2
58,657,127138,142862,650.76582278481,1197.6,107.8
59,658,127229,142771,651.112309074573,1204,111.2
60,659,127238,142762,652.804647599591,1195.7,111.1
61,660,127147,142853,654.037683004456,1209.9,113.7
62,661,127471,142529,654.32317306466,1205.8,117.1
63,662,126932,143068,659.760117451806,1212,122.2
64,663,127225,142775,658.17948051948,1202.8,117.6
65,664,127016,142984,660.371357960458,1211.2,118.4
66,665,127046,142954,658.855701698378,1216.3,120.4
67,666,127094,142906,659.509197006216,1211.2,120.5
68,667,127018,142982,663.576874526635,1207.6,118.3
69,668,126739,143261,663.677212757781,1209.2,119.5
70,669,127293,142707,664.214395491803,1213.7,124.5
71,670,127067,142933,663.709611451943,1211.1,121
72,671,127315,142685,664.21035270236,1215.1,126.3
73,672,126756,143244,666.592721641502,1219.6,120.8
74,673,127208,142792,664.845139607032,1222.1,125
75,674,127045,142955,671.11498893085,1212.8,134.7
76,675,127190,142810,666.994928478544,1205.3,123.1
77,676,127192,142808,669.913940809969,1211.8,137.1
78,677,126922,143078,670.164148262947,1216.5,123.7
79,678,127121,142879,669.835230212106,1221.1,136.3
80,679,127258,142742,673.746877816403,1224.8,140.6
81,680,127321,142679,676.768811624286,1224.3,136
82,681,127497,142503,675.785967213115,1235.9,142
83,682,127039,142961,677.880227890716,1231.4,145.1
84,683,127355,142645,676.160123966942,1219.7,149.5
85,684,127011,142989,675.853281351527,1225.3,144.2
86,685,127290,142710,677.416279069767,1225.6,150.4
87,686,127071,142929,674.885222750032,1235.1,136.4
88,687,126973,143027,677.329875784351,1228.7,130.4
89,688,126951,143049,680.801744036933,1231.3,144.5
90,689,127275,142725,681.974039326565,1231.8,149.1
91,690,127128,142872,684.155185758514,1229,129.5
92,691,127377,142623,685.264976958525,1227.1,137.7
93,692,127243,142757,684.949530063087,1231.6,144.6
94,693,127032,142968,689.116460222194,1229.6,152
95,694,127326,142674,687.857268944648,1231.9,148.2
96,695,127309,142691,686.873796249366,1243.3,152.8
97,696,127092,142908,689.298301217039,1243.9,148.9
98,697,127232,142768,689.960005194131,1232.1,146.8
99,698,127454,142546,693.738786621727,1243.5,148
100,699,127116,142884,695.239440236231,1239.2,158.8
101,700,127073,142927,694.17472878111,1242.3,160.3
102,701,127360,142640,698.515553869499,1244.6,158.8
103,702,126851,143149,693.429708563359,1245,159.5
104,703,127224,142776,696.905667554203,1251.4,163
105,704,127393,142607,696.170392131818,1249.8,156.4
106,705,127329,142671,698.462437395659,1246.7,159.7
107,706,127390,142610,700.931730023274,1243.4,160.6
108,707,127379,142621,701.655277530802,1242.7,166.8
109,708,127375,142625,702.819065898912,1251.7,163.3
110,709,127179,142821,705.476616406849,1247.8,159.3
111,710,127152,142848,705.6988880465,1254.7,163.9
112,711,127138,142862,706.569291741243,1254.8,165.3
113,712,127122,142878,712.860847240051,1254.6,166.3
114,713,127136,142864,709.025439049587,1253.8,169.2
115,714,127208,142792,710.257927300851,1259.3,168.6
116,715,127079,142921,711.915333593445,1253.5,166.3
117,716,127459,142541,712.969858386384,1262.3,170.5
118,717,126898,143102,714.217758710348,1258.3,167.6
119,718,127427,142573,714.716081046422,1259.3,170.4
120,719,127282,142718,718.878318584071,1270.3,169.7
121,720,127283,142717,723.602941176471,1267.1,181.8
122,721,127243,142757,726.130627114234,1268,181.6
123,722,127235,142765,724.336050724638,1268.2,175.3
124,723,127307,142693,727.193810647784,1274.6,174.5
125,724,127309,142691,730.269728331177,1272.8,176.8
126,725,126988,143012,726.89095574086,1267.6,181.4
127,726,126842,143158,730.750386996904,1275,179.9
128,727,127068,142932,732.570766855378,1275.7,180.3
129,728,127374,142626,732.6486521181,1279.8,187.7
130,729,127339,142661,729.145879014575,1275.9,182.3
131,730,127047,142953,730.754827983118,1277.6,191.2
132,731,127485,142515,729.431133888533,1269.7,179.4
133,732,126765,143235,732.49801409353,1277.5,193.3
134,733,127021,142979,731.212462754243,1284.5,187.9
135,734,127181,142819,734.647951244813,1287.1,190.4
136,735,127503,142497,733.988973926579,1289.9,189.2
137,736,127082,142918,734.775727650728,1283.2,189
138,737,127348,142652,735.35710553814,1280.7,189.1
139,738,127347,142653,733.181912278432,1285.4,188.1
140,739,127445,142555,739.960834836382,1277.7,191.8
141,740,127247,142753,737.621597096189,1279.8,191.1
142,741,127264,142736,740.659825161536,1283.7,207.2
143,742,127146,142854,738.110899873257,1286,198.6
144,743,126979,143021,737.844890741442,1291.7,193.2
145,744,127439,142561,739.570320447609,1287.8,201.3
146,745,127225,142775,737.277571410273,1285.5,196.2
147,746,126862,143138,739.918577686163,1289.4,200
148,747,127431,142569,741.264841351075,1293.1,201.7
149,748,127177,142823,744.753027570214,1292.5,202.5
150,749,126992,143008,744.686249025214,1289.3,207.9
151,750,127029,142971,743.078306188925,1292.5,217.5
152,751,127460,142540,741.70054730258,1299,216.8
153,752,126869,143131,743.930355987055,1296,206.4
154,753,127275,142725,749.232017375751,1294,203.6
155,754,127441,142559,747.519139064312,1287.1,214
156,755,127278,142722,747.813561470216,1304.8,209.2
157,756,127292,142708,748.663357515591,1295.4,204.3
158,757,127635,142365,748.436255983875,1302.9,210.2
159,758,127237,142763,748.671981776765,1306.6,203.4
160,759,127054,142946,748.501077722835,1307.9,210.6
161,760,127484,142516,753.325776872134,1306.2,214.4
162,761,127042,142958,751.3599695586,1310.9,213.1
163,762,127154,142846,750.93899643403,1316.7,214.3
164,763,127199,142801,755.96961038961,1308.4,223.5
165,764,127139,142861,760.733978078659,1309.3,212.6
166,765,127409,142591,761.759221047201,1311.5,218.1
167,766,127015,142985,761.64401336074,1311.8,219.8
168,767,127248,142752,765.998705334024,1315.6,225.9
169,768,127300,142700,765.309275697929,1311.5,232.3
170,769,127082,142918,764.709247748319,1321.9,239.1
171,770,127163,142837,760.994005866599,1319.7,226.8
172,771,127140,142860,764.462541128828,1322.4,232.8
173,772,127134,142866,766.406691260654,1312,226.1
174,773,127083,142917,765.201613952883,1312.1,233.9
175,774,127007,142993,765.471454404547,1316.3,235.2
176,775,127216,142784,765.685461083997,1318.3,229.1
177,776,127052,142948,771.45015576324,1312.5,230.3
178,777,127301,142699,772.239745586708,1321.8,229.7
179,778,127572,142428,775.825665546653,1322,226.5
180,779,127127,142873,777.728973168215,1319.7,225.8
181,780,127253,142747,777.431592520954,1317.2,236
182,781,127473,142527,776.168626949629,1316,232.5
183,782,127259,142741,777.933077905492,1321,246.4
184,783,127285,142715,779.057547530943,1330.6,238.8
185,784,127356,142644,778.513394590397,1321.4,237.1
186,785,126918,143082,779.790781049936,1333.8,238.3
187,786,127206,142794,782.896075393752,1324.8,240.3
188,787,127263,142737,784.183501904637,1332.8,242.1
189,788,126984,143016,785.433979565104,1329.6,244.6
190,789,127495,142505,782.222915042868,1326.6,244.3
191,790,127352,142648,784.387736582836,1333.5,242.5
192,791,126955,143045,784.958921531222,1334.1,244.3
193,792,127077,142923,786.107381687243,1336.3,249.2
194,793,127116,142884,789.500064574454,1339.9,247.7
195,794,127246,142754,788.540212050685,1337.7,257.3
196,795,126969,143031,790.709940460782,1339.2,244.6
197,796,127627,142373,792.42317057542,1345.1,259.2
198,797,126762,143238,795.734231317187,1342.5,261.4
199,798,126843,143157,796.405959752322,1341.4,253
200,799,127176,142824,796.063329928498,1345.7,254.2
201,800,127257,142743,796.678199356913,1349.7,256.5
202,801,127484,142516,798.41663457836,1344.4,257.1
203,802,127174,142826,799.308238636364,1349.4,268.5
204,803,127476,142524,803.40912596401,1344.6,258.9
205,804,127296,142704,805.32971295578,1343,261
206,805,127229,142771,806.458295498768,1340.4,271.5
207,806,127200,142800,804.08207899138,1339.5,266.6
208,807,127433,142567,805.290247678019,1340.2,257.4
209,808,127026,142974,802.68396888152,1340.5,254.8
210,809,127467,142533,807.09141096418,1352.1,265.7
211,810,127244,142756,811.091649431231,1347.2,258.7
212,811,127284,142716,810.720503273848,1352.4,262.9
213,812,127445,142555,813.044585987261,1356.3,257.2
214,813,127106,142894,812.016776817489,1362,266.3
215,814,127311,142689,814.517373530915,1364.5,267.2
216,815,127107,142893,816.240996168582,1364,270.6
217,816,127268,142732,817.634347275032,1358.2,273.6
218,817,127744,142256,813.798401420959,1361.7,275.9
219,818,127104,142896,816.269358974359,1357.2,276.5
220,819,127122,142878,816.999234400919,1353.6,275.9
221,820,127344,142656,817.802132250286,1355.2,274.8
222,821,126838,143162,818.279994899911,1358.6,269.6
223,822,127450,142550,820.769240474388,1367.6,273
224,823,127233,142767,818.299833568045,1360.8,281.8
225,824,127250,142750,823.804849884527,1370.8,275.9
226,825,127090,142910,822.50628482571,1366.3,279.7
227,826,127207,142793,826.370153525891,1372.9,281.7
228,827,127129,142871,822.9326625387,1373.4,276.1
229,828,127181,142819,822.818910878282,1374.6,274.4
230,829,127029,142971,823.981018457913,1376.2,282.3
231,830,127303,142697,824.484718428924,1377.7,287.1
232,831,127051,142949,826.634547127646,1379.1,278.5
233,832,126563,143437,828.674271396545,1379.7,288
234,833,127028,142972,829.74234020074,1368.4,291.6
235,834,126780,143220,833.028150486714,1373.5,282.6
236,835,126984,143016,832.866439701453,1384.7,282.4
237,836,127467,142533,831.122329338197,1387.9,288
238,837,127265,142735,834.391535765286,1383.9,287.2
239,838,127242,142758,830.958761562179,1384.1,290.3
240,839,127314,142686,833.157368967307,1378.3,289.6
241,840,127172,142828,834.152999093147,1385.1,295
242,841,127234,142766,838.405546834118,1377.3,290.1
243,842,127284,142716,837.347537138389,1382.2,287.8
244,843,127222,142778,835.379728672058,1380,297.6
245,844,127286,142714,842.312686277051,1383,297.2
246,845,127219,142781,841.42987012987,1388.6,299.8
247,846,127472,142528,838.999485530547,1393.3,295.2
248,847,127119,142881,841.324258691207,1397,301.4
249,848,127220,142780,844.620212629691,1397.1,301.8
250,849,127136,142864,842.554312893688,1395.4,302.8
251,850,127198,142802,845.754930652755,1409.5,307.4
252,851,126911,143089,843.043286104251,1400.3,305.3
253,852,127100,142900,844.028553054662,1402.2,303.5
254,853,126687,143313,848.98811369509,1392.4,301.1
255,854,127308,142692,848.337776035542,1398,309.9
256,855,126895,143105,847.86890362856,1403.5,305.2
257,856,127161,142839,850.313560419635,1392.3,311.1
258,857,127306,142694,852.70203394222,1404.1,307.7
259,858,127114,142886,851.342248766554,1407.4,311.3
260,859,126941,143059,854.234804112977,1401,317.8
261,860,126936,143064,855.924625709861,1411.3,321
262,861,127371,142629,859.664862775415,1404,316.7
263,862,127212,142788,858.796562339661,1402.6,310.5
264,863,127299,142701,856.362389437252,1398.7,310.4
265,864,126688,143312,858.801006581494,1410.6,318.2
266,865,127216,142784,858.6066442606,1413.8,313.3
267,866,127187,142813,858.069803717665,1414.3,320.1
268,867,127244,142756,859.795645330535,1408.1,321.2
269,868,127322,142678,857.477805420977,1406,315.5
270,869,127241,142759,858.243844944997,1406.6,321.8
271,870,127112,142888,860.008984725966,1410.4,324
272,871,127385,142615,860.20279093586,1413.8,321.9
273,872,127489,142511,858.938896020539,1415.7,321.9
274,873,127092,142908,862.785373403844,1428.6,334.5
275,874,127360,142640,864.643743536711,1424.6,327.8
276,875,127372,142628,865.908573645416,1424.7,326.7
277,876,126830,143170,863.98014762026,1425.8,337.7
278,877,127170,142830,868.888161273754,1425.4,337.3
279,878,126961,143039,870.662538304392,1428,343.7
280,879,127280,142720,875.285115037498,1430.4,336.7
281,880,127037,142963,878.483396704689,1427.9,332.6
282,881,126850,143150,874.41641025641,1420.7,340.2
283,882,127208,142792,876.677291346646,1433.7,332.6
284,883,127233,142767,879.122029543995,1426.9,336.2
285,884,127187,142813,877.673375796178,1423.4,344
286,885,127243,142757,878.822556201061,1430.7,342.9
287,886,127686,142314,880.635123183828,1431.3,343.2
288,887,127357,142643,882.649449297379,1426.3,345.6
289,888,127569,142431,888.822304547777,1432.7,340.4
290,889,127015,142985,889.199173873758,1433,347.8
291,890,127037,142963,888.087519623234,1436.6,352.3
292,891,126819,143181,888.882330345711,1431.5,351.8
293,892,127237,142763,886.019073569482,1426.6,350.1
294,893,127236,142764,884.919033543246,1427.3,346.3
295,894,127326,142674,888.141383263279,1437.8,349.1
296,895,127203,142797,889.294351223261,1435.9,355.5
297,896,127293,142707,889.850197779763,1437.9,356
298,897,127319,142681,891.56987039651,1431.9,349.1
299,898,126978,143022,891.814962657739,1428.6,358.5
300,899,127097,142903,889.782188426344,1427.6,363.1
301,900,127446,142554,896.287180153267,1435.3,349.1
302,901,127064,142936,896.0970798183,1436.8,353.9
303,902,127208,142792,896.227599486521,1439.8,360.8
304,903,127468,142532,896.458247156153,1448.7,362
305,904,127360,142640,899.484650555193,1449.2,354
306,905,126799,143201,900.064692127825,1451.8,359.3
307,906,127217,142783,903.870837669095,1450.1,373.6
308,907,127050,142950,906.596568754874,1449.9,371.9
309,908,127053,142947,907.830469052849,1449.4,364.8
310,909,127224,142776,907.758243190408,1449,365.7
311,910,127163,142837,909.384505949302,1450.4,371.5
312,911,127190,142810,909.031358437219,1447.5,362.8
313,912,127027,142973,911.221835075494,1453.7,365.7
314,913,126856,143144,911.316006176016,1454.6,370.1
315,914,126906,143094,909.937308478039,1464.9,368
316,915,127293,142707,909.131340232528,1462.2,367.2
317,916,127500,142500,911.278766769866,1460.9,374.7
318,917,127355,142645,914.058931377685,1460.6,377.8
319,918,127545,142455,912.580548693278,1458.3,374.6
320,919,127301,142699,914.589462702139,1463.9,375.7
321,920,126502,143498,913.390959864917,1468.3,377.9
322,921,127417,142583,914.406919060052,1466.4,375.6
323,922,127288,142712,917.088311019567,1467.5,376.6
324,923,127237,142763,919.069471246623,1475.2,381.9
325,924,127028,142972,923.067215010924,1472.4,381.9
326,925,127015,142985,921.851384417257,1470.2,378.9
327,926,127181,142819,922.726991093326,1464.9,385.1
328,927,127144,142856,919.933024214322,1462.3,383.2
329,928,127010,142990,920.12557544757,1467.2,387.2
330,929,127260,142740,922.324814720164,1470.7,383.9
331,930,127141,142859,924.662383920621,1473.6,384
332,931,127090,142910,928.983903934594,1477.6,387.6
333,932,126937,143063,929.465838509317,1477.1,384.1
334,933,127215,142785,929.679644192342,1479.3,390.4
335,934,127114,142886,929.475527206457,1482.7,389.2
336,935,127383,142617,929.441504539559,1483.8,380.3
337,936,127234,142766,931.334372969461,1480.6,384.2
338,937,127040,142960,933.433188805676,1478.1,384.6
339,938,126971,143029,934.062597605414,1476.7,386
340,939,126982,143018,931.508300907912,1481.1,385.5
341,940,127302,142698,928.77707253886,1474.6,388.7
342,941,126859,143141,929.161825726141,1482,393
343,942,127068,142932,931.82684546283,1486.3,396.7
344,943,126815,143185,935.199535063929,1485.2,390.2
345,944,126936,143064,933.632742790638,1491.3,404.1
346,945,127308,142692,932.726929584798,1485.1,400.4
347,946,126905,143095,937.011299435028,1493.9,403.4
348,947,127564,142436,940.237172030503,1496.3,393.8
349,948,127332,142668,944.055119124276,1492.5,405.9
350,949,127324,142676,943.003609177623,1494.4,410.2
351,950,127251,142749,945.956884199557,1489.6,408.1
352,951,127223,142777,949.147116007777,1496.9,402.9
353,952,127113,142887,945.542262678804,1482.9,404.6
354,953,127071,142929,949.710495664553,1499.9,404.4
355,954,127222,142778,950.122162022704,1489.8,408
356,955,127275,142725,952.146476337449,1493.6,410.4
357,956,127092,142908,955.180490349504,1499.7,407.4
358,957,127312,142688,953.188502150958,1497,412.7
359,958,127127,142873,951.305056468172,1495.1,414.7
360,959,127042,142958,953.503240860773,1496.5,418.5
361,960,127299,142701,956.009397024276,1498.7,415.3
362,961,127357,142643,955.328469980633,1503.3,418.8
363,962,127265,142735,958.901760653228,1506.4,421.2
364,963,126996,143004,960.76599023889,1498.1,418.2
365,964,126903,143097,959.423378291586,1505.9,425
366,965,127156,142844,960.060156150006,1513.6,419.2
367,966,127226,142774,961.741724453748,1511.6,415.4
368,967,127336,142664,963.383121144507,1516.1,421.2
369,968,127438,142562,963.070331655697,1517,420.1
370,969,127135,142865,963.91922829582,1511.6,426.5
371,970,127355,142645,963.767313375305,1506.9,423.7
372,971,127338,142662,966.049465412856,1516.2,435
373,972,127024,142976,970.309943034697,1513.6,427.5
374,973,127396,142604,973.611564973194,1512.4,430.6
375,974,127044,142956,976.470330237358,1517.8,427.7
376,975,127054,142946,976.014470482776,1511.6,427.8
377,976,127347,142653,976.92954343126,1519.1,435.2
378,977,127328,142672,975.834161886552,1520.3,431.8
379,978,127113,142887,975.060270132518,1517.1,435.1
380,979,127237,142763,978.6203680363,1521.6,428.2
381,980,127009,142991,977.772884393804,1522.8,429.8
382,981,127247,142753,979.599799272362,1523.2,434.5
383,982,127799,142201,980.056823947235,1530.1,430.9
384,983,127177,142823,981.156621929602,1529.4,427.8
385,984,127323,142677,978.885522753642,1519.8,440
386,985,126936,143064,983.401053713698,1534.6,439.6
387,986,127483,142517,980.15206185567,1531.6,437
388,987,127098,142902,983.542595695322,1538.6,448.5
389,988,127169,142831,985.494116125695,1532.9,439.1
390,989,127305,142695,984.49885786802,1522.8,443.2
391,990,127237,142763,987.845553422905,1538.3,443.6
392,991,127394,142606,992.174583122789,1529.3,445.1
393,992,127217,142783,990.48027158596,1531,445.5
394,993,127131,142869,991.183331183073,1544.5,452.4
395,994,127026,142974,991.558624216852,1535.8,451
396,995,127106,142894,993.394760383387,1544.8,450.3
397,996,127321,142679,994.344025559105,1538.5,452.6
398,997,126979,143021,995.079126525369,1546.4,450.5
399,998,127332,142668,995.019084461638,1537.2,454.4
400,999,127327,142673,994.619745468569,1546.6,446.2
401,1000,127375,142625,998.673575788403,1550.7,449.3
402,1001,127058,142942,999.323187673655,1554.3,459.4
403,1002,126862,143138,1004.28138473244,1546.7,457.6
404,1003,127305,142695,1006.97046467218,1552.6,461.6
405,1004,127183,142817,1004.45139508218,1552.5,464
406,1005,127242,142758,1002.08264252009,1553.4,462.4
407,1006,127383,142617,1004.41134297785,1547.4,464.5
408,1007,127178,142822,1004.38614629103,1553.8,464.5
409,1008,127419,142581,1003.88800919423,1551.9,468.9
410,1009,127396,142604,1007.24374193548,1554.5,458.5
411,1010,127033,142967,1006.28383942357,1548.8,464.4
412,1011,126949,143051,1004.93526011561,1555.2,455
413,1012,127362,142638,1010.02740599108,1550.4,461.9
414,1013,127250,142750,1010.43335862418,1557.4,469.2
415,1014,127347,142653,1009.58077022486,1564.7,467.6
416,1015,127226,142774,1009.82525510204,1549.3,466.6
417,1016,127554,142446,1012.88790373654,1560.3,470.7
418,1017,126960,143040,1013.26758745321,1556.2,472.3
419,1018,127090,142910,1013.38587933248,1554.2,479.3
420,1019,127122,142878,1012.13362682895,1559,469.8
421,1020,127117,142883,1015.36697843596,1566.9,466.3
422,1021,127531,142469,1015.79546618852,1564.3,482.3
423,1022,127345,142655,1018.02638419548,1569.7,482.5
424,1023,127248,142752,1015.97677682787,1572,487.3
425,1024,126896,143104,1017.07822736031,1572.4,480
426,1025,127375,142625,1018.66145092461,1565.4,479.9
427,1026,127408,142592,1021.71619343965,1570.5,481.4
428,1027,127359,142641,1022.86622721985,1582.5,480.8
429,1028,126974,143026,1021.47625861845,1573.4,482
430,1029,127286,142714,1022.29087552743,1573.3,476.5
431,1030,127503,142497,1026.05309501906,1578,482.2
432,1031,127023,142977,1026.26431197479,1567.8,485.5
433,1032,126874,143126,1030.11438679245,1570.2,486.1
434,1033,127053,142947,1028.17697729052,1575.5,484
435,1034,127372,142628,1031.23202447731,1580.4,487.3
436,1035,127123,142877,1030.86893959036,1576.4,500
437,1036,126984,143016,1034.04928763958,1585,480.5
438,1037,127221,142779,1036.70232858991,1576.6,488.6
439,1038,127074,142926,1039.27654867257,1579,494.4
440,1039,127133,142867,1039.28800719055,1584.8,491.5
441,1040,127579,142421,1037.91280933453,1584.1,493
442,1041,127349,142651,1041.13109637144,1587.9,496.4
443,1042,127176,142824,1039.08625128733,1593.6,494.6
444,1043,126963,143037,1043.76831168831,1590.5,504.5
445,1044,126968,143032,1041.12127879886,1590.5,497.9
446,1045,127082,142918,1042.7895482044,1592.2,498.3
447,1046,127271,142729,1044.75282210977,1582.4,506.4
448,1047,127095,142905,1048.36154044307,1602.7,506.4
449,1048,126732,143268,1047.61088840036,1594,497.8
450,1049,127394,142606,1048.99548910942,1589.5,506.3
451,1050,127200,142800,1050.59868421053,1596.6,505.5
452,1051,127148,142852,1047.25488154127,1592.1,502
453,1052,127134,142866,1045.95831148401,1598.8,499.9
454,1053,126941,143059,1049.13729055722,1602,501.1
455,1054,127261,142739,1048.56152445369,1586.8,505.2
456,1055,127306,142694,1054.8267664828,1595,505
457,1056,127407,142593,1054.62440882817,1592.2,505.3
458,1057,127172,142828,1056.63481452353,1590.8,508.8
459,1058,127392,142608,1056.58580942623,1596.5,509.1
460,1059,127283,142717,1058.39328037505,1600.2,513.7
461,1060,127275,142725,1057.93119443371,1601.5,533.5
462,1061,127318,142682,1058.33152944208,1605,521.4
463,1062,127066,142934,1059.51499231164,1610.9,508.5
464,1063,127170,142830,1059.52504565614,1602.9,513.6
465,1064,127168,142832,1060.50372750643,1601.2,516.9
466,1065,127391,142609,1062.33097854526,1608.7,520
467,1066,126754,143246,1061.36460637606,1611.8,522
468,1067,127587,142413,1060.52056756053,1615.8,519.8
469,1068,127159,142841,1063.91451550136,1610.8,521.1
470,1069,126876,143124,1067.8113330722,1614.1,523.3
471,1070,127212,142788,1065.02626421011,1617,526.4
472,1071,127049,142951,1065.62946828956,1613.3,526.2
473,1072,127053,142947,1066.93245321712,1611.2,524.8
474,1073,127230,142770,1069.95955976453,1614.7,532.6
475,1074,126992,143008,1072.45710988588,1626,529.7
476,1075,127526,142474,1070.71492233257,1616.4,527.9
477,1076,127048,142952,1071.59384887989,1620.9,521.7
478,1077,127327,142673,1075.96997572505,1625.1,521.9
479,1078,127106,142894,1077.23079882036,1623.4,525.9
480,1079,127391,142609,1079.71747259832,1629.6,532.7
481,1080,127052,142948,1076.09547419273,1625.9,535.6
482,1081,127325,142675,1078.35375544732,1632.9,538.8
483,1082,127175,142825,1077.91212698413,1627,535
484,1083,127132,142868,1081.45035460993,1620,535.5
485,1084,127122,142878,1081.06148949714,1622.7,541.1
486,1085,127213,142787,1080.49228414743,1628.9,539.5
487,1086,127212,142788,1082.63118062563,1628.2,543.5
488,1087,126860,143140,1085.08271636456,1633.4,541.8
489,1088,127294,142706,1086.78150510204,1625.7,541.8
490,1089,127189,142811,1088.49827431931,1633.1,546.6
491,1090,126959,143041,1088.26313085912,1634.3,548
492,1091,127719,142281,1087.99896880639,1641.8,548.5
493,1092,126997,143003,1086.27204744714,1638,554.8
494,1093,127274,142726,1087.9701164295,1635.9,542.8
495,1094,127136,142864,1092.31261192121,1635.8,558.8
496,1095,126953,143047,1091.09991079393,1647.4,554.8
497,1096,127086,142914,1090.18458183684,1644.3,544.4
498,1097,127156,142844,1089.43227888961,1638.6,547.7
499,1098,127165,142835,1092.31643782882,1642.5,548.4
500,1099,127212,142788,1098.1571262437,1643.7,551.4
501,1100,127322,142678,1098.29099099099,1650,555.7
502,1101,127500,142500,1096.97895007059,1647.9,557
503,1102,127087,142913,1098.32215967247,1639.8,563.4
504,1103,127229,142771,1101.69828028747,1647.4,556.3
505,1104,127271,142729,1101.78935812992,1637,561
506,1105,127177,142823,1100.52946428571,1641.6,556.1
507,1106,126993,143007,1104.0797240322,1641.2,560.3
508,1107,127102,142898,1106.38270326256,1657.3,564.3
509,1108,127184,142816,1107.2317439582,1649.4,570.3
510,1109,127585,142415,1108.49009316363,1658.6,557.9
511,1110,126888,143112,1108.68571428571,1657.2,563.3
512,1111,126964,143036,1110.43666579429,1658.6,561.7
513,1112,127458,142542,1111.36120789779,1658.3,567.2
514,1113,126927,143073,1111.58565998165,1663.1,570.6
515,1114,126878,143122,1114.94839211618,1660.1,572
516,1115,127128,142872,1117.38497713912,1654.8,569.3
517,1116,126842,143158,1118.42273373852,1660.6,561.4
518,1117,127061,142939,1118.40668559628,1654.7,572.6
519,1118,127068,142932,1119.2695327584,1667,574.9
520,1119,126970,143030,1121.93363402062,1663.7,571.6
521,1120,127326,142674,1120.0950466805,1662.2,568.7
522,1121,127080,142920,1119.04592035283,1657.7,566.1
523,1122,127049,142951,1120.31090790333,1662.6,567
524,1123,127533,142467,1122.21352871909,1663.2,573.3
525,1124,127142,142858,1122.17610308473,1666.6,575.3
526,1125,127271,142729,1123.74990250877,1670.9,579.6
527,1126,127384,142616,1127.58702141467,1667.6,588.6
528,1127,127009,142991,1129.95658894757,1670.3,584.7
529,1128,127218,142782,1126.83438424913,1677.9,575.9
530,1129,127401,142599,1126.89364147089,1672.5,585.8
531,1130,127180,142820,1128.8074267101,1672.6,582.1
532,1131,127233,142767,1128.02280633939,1677.4,581.5
533,1132,127146,142854,1129.63302752294,1674.7,579.6
534,1133,127252,142748,1130.56699029126,1672.9,577.2
535,1134,127180,142820,1131.42625922569,1676.5,594.1
536,1135,127311,142689,1136.74203534116,1682.5,594.8
537,1136,127073,142927,1132.54198672048,1683.4,589.7
538,1137,127202,142798,1134.96418375292,1687.7,591.7
539,1138,127406,142594,1132.64298820446,1678.2,590
540,1139,127014,142986,1129.63062015504,1682.1,588.4
541,1140,126938,143062,1132.4371761658,1677.2,602.3
542,1141,126990,143010,1136.03681865828,1683.9,608
543,1142,127157,142843,1134.26936642717,1676.7,601.1
544,1143,126696,143304,1134.87574501166,1685.5,606.6
545,1144,127228,142772,1137.58278752947,1683.4,608.1
546,1145,127332,142668,1137.50207522698,1687.4,601.2
547,1146,127110,142890,1140.50727272727,1684.6,596.2
548,1147,127335,142665,1140.72627129499,1695.8,596.8
549,1148,127515,142485,1142.01564115822,1700.7,600.2
550,1149,127048,142952,1141.79114420063,1691.7,596.6
551,1150,127058,142942,1142.77802369483,1696.9,605.7
552,1151,127518,142482,1145.22033030342,1699.5,605.6
553,1152,126577,143423,1147.91738562091,1691.2,609.8
554,1153,127171,142829,1143.90037765334,1701.6,608.9
555,1154,126740,143260,1145.95606997238,1697.7,615.6
556,1155,127055,142945,1147.88714568227,1700.5,606
557,1156,127196,142804,1152.82398753894,1690.5,611.5
558,1157,127103,142897,1151.01142857143,1691,619.9
559,1158,126823,143177,1151.21963523477,1698.4,613.3
560,1159,127071,142929,1156.10645119918,1702.1,611.4
561,1160,127176,142824,1156.95196618419,1706.1,615.8
562,1161,127253,142747,1158.24844800828,1700.6,622.5
563,1162,126865,143135,1155.44184845747,1696.2,611.8
564,1163,126865,143135,1157.24650920005,1710,612.1
565,1164,127386,142614,1155.28617529366,1710,615.7
566,1165,127234,142766,1158.90741939661,1698.2,612.9
567,1166,127404,142596,1164.63656387665,1712.9,620.8
568,1167,127241,142759,1164.65536077236,1718.5,623.8
569,1168,127257,142743,1167.95215371091,1709.5,620.9
570,1169,127487,142513,1170.04726622381,1711.8,622.6
571,1170,127218,142782,1168.23162469641,1717.3,622.4
572,1171,127079,142921,1164.11991817949,1716.1,623.8
573,1172,127494,142506,1165.62624857757,1708.9,627.6
574,1173,126966,143034,1168.31812969805,1721.9,625.6
575,1174,127012,142988,1167.00414185866,1720.2,634.7
576,1175,127303,142697,1168.60515948659,1715.9,620.9
577,1176,127345,142655,1172.82465718639,1714.8,624.8
578,1177,127087,142913,1169.76241679467,1716.1,634.8
579,1178,127049,142951,1167.50770995285,1721,633.7
580,1179,127407,142593,1169.47763864043,1716.5,632.7
581,1180,127171,142829,1174.33698526634,1724.3,644.3
582,1181,127276,142724,1175.4544057377,1724.3,640
583,1182,127251,142749,1175.10169927909,1724.6,643.2
584,1183,127418,142582,1177.89873257288,1726.7,642.3
585,1184,127287,142713,1179.04632400781,1722.7,642.8
586,1185,127107,142893,1182.27284443872,1717.8,637
587,1186,127198,142802,1182.61417119214,1732.4,635.4
588,1187,127451,142549,1184.52247191011,1734,641.6
589,1188,127458,142542,1186.20744340709,1723.3,645.9
590,1189,127096,142904,1185.42346742064,1737,653.8
591,1190,127192,142808,1186.74297861376,1737.4,650.1
592,1191,127446,142554,1188.6160396543,1731,640.5
593,1192,127161,142839,1187.3722357152,1732.1,640.7
594,1193,127199,142801,1188.59475180972,1739.6,641.9
595,1194,127192,142808,1188.29609082699,1729.5,646.2
596,1195,127120,142880,1185.99508599509,1740.3,651.5
597,1196,127075,142925,1188.04582210243,1742.6,652.5
598,1197,127059,142941,1184.70346962466,1736,650.9
599,1198,126926,143074,1190.6375716519,1735.1,652.7
600,1199,127351,142649,1191.8437058899,1745.5,650.6
601,1200,127100,142900,1194.05005805702,1744.5,654.5
602,1201,127346,142654,1197.9784710584,1750.4,656.5
603,1202,127261,142739,1197.98250128667,1750,661.2
604,1203,127039,142961,1200.18325148617,1743.7,660.7
605,1204,126920,143080,1202.71038251366,1742.3,657
606,1205,127388,142612,1202.6920977385,1755.6,662.5
607,1206,127294,142706,1206.28252691659,1743.9,662.6
608,1207,127250,142750,1208.42173466769,1752.5,660.4
609,1208,127237,142763,1208.14396988186,1750.8,667.2
610,1209,127176,142824,1206.07444876783,1749.5,659
611,1210,127055,142945,1206.17047520125,1753.7,662.3
612,1211,126955,143045,1204.72922877511,1763.3,660.2
613,1212,127202,142798,1210.42877492877,1764.4,665.1
614,1213,127098,142902,1208.09414790997,1756.7,670.3
615,1214,126848,143152,1210.50772858266,1764,669.5
616,1215,126808,143192,1211.30337224384,1761.9,669.7
617,1216,127078,142922,1214.6511962348,1764.6,674.5
618,1217,127471,142529,1215.7970508343,1757.9,676.4
619,1218,127666,142334,1212.28269381363,1757.7,674
620,1219,126920,143080,1211.93855766727,1761.1,675.8
621,1220,127119,142881,1213.21499805725,1768,674.8
622,1221,127164,142836,1216.14267401615,1770.6,683.1
623,1222,127274,142726,1217.52534740093,1767.5,678.7
624,1223,127256,142744,1223.02759948652,1767,675.8
625,1224,127151,142849,1220.19148124603,1771.2,682.5
626,1225,127254,142746,1222.17656090072,1771.8,674.8
627,1226,127071,142929,1225.25688661115,1771.8,688.3
628,1227,127162,142838,1224.81155681672,1772.8,688.8
629,1228,127084,142916,1226.16872964169,1772.2,691.4
630,1229,127260,142740,1231.10663932325,1770.6,686.8
631,1230,127187,142813,1231.41013530763,1778.7,686.5
632,1231,127090,142910,1235.43029215787,1784.3,679.2
633,1232,127314,142686,1236.80848329049,1777,687.2
634,1233,127096,142904,1237.23171987642,1769.4,684.6
635,1234,127212,142788,1235.90451999479,1773.2,698
636,1235,126871,143129,1237.00877307843,1777.6,692.4
637,1236,127541,142459,1237.08009301124,1786.7,687.5
638,1237,127069,142931,1236.35269869896,1788.5,689.8
639,1238,127241,142759,1235.70774193548,1785.7,696.3
640,1239,127228,142772,1237.87117988395,1784.9,683.8
641,1240,127219,142781,1239.61799065421,1787.4,691.8
642,1241,127353,142647,1241.3379479881,1785.3,690.6
643,1242,127193,142807,1240.46633995357,1789.3,708.1
644,1243,127136,142864,1240.6401024984,1787.8,701.7
645,1244,126717,143283,1240.27485904664,1781.3,693.8
646,1245,127399,142601,1240.87071070556,1782.5,695.8
647,1246,127306,142694,1243.23020117138,1792.1,692.5
648,1247,127246,142754,1241.22166473691,1792.4,696.7
649,1248,127064,142936,1242.47749739854,1796.2,692.6
650,1249,127455,142545,1245.0474344061,1787.4,694.6
651,1250,127140,142860,1244.97962626525,1791,695.1
652,1251,127028,142972,1248.01750518672,1797.7,701.4
653,1252,127097,142903,1250.44889805387,1802.3,706.2
654,1253,127252,142748,1251.54939633909,1804.5,697.9
655,1254,127297,142703,1255.2931591879,1802.6,699.9
656,1255,127276,142724,1254.75390372951,1801.2,719.9
657,1256,127063,142937,1255.30378281009,1804,714
658,1257,127218,142782,1253.62947640595,1807.4,717.5
659,1258,127218,142782,1257.12003586984,1809.3,712.4
660,1259,127293,142707,1255.08155216285,1806.9,707.4
661,1260,127211,142789,1256.60053380783,1797.8,710.8
662,1261,127466,142534,1257.93718881655,1803.6,709
663,1262,127489,142511,1258.947818321,1803.7,712.3
664,1263,127232,142768,1261.94242385298,1801.7,720.6
665,1264,127167,142833,1263.52741045064,1808.7,718.4
666,1265,127184,142816,1265.24340903158,1809,715.1
667,1266,126917,143083,1263.65287326501,1806.8,722.7
668,1267,126940,143060,1264.98630494326,1805.3,714.5
669,1268,126897,143103,1266.05257054503,1807.7,713
670,1269,127208,142792,1267.11435209086,1820.1,719.2
671,1270,126964,143036,1267.21733505821,1815.2,730.8
672,1271,127334,142666,1272.55217335225,1817.1,725.5
673,1272,127066,142934,1268.37444933921,1819.6,725.5
674,1273,127241,142759,1268.00887844366,1824,725.6
675,1274,127420,142580,1270.04228410833,1815.7,729.4
676,1275,127294,142706,1269.34974926064,1822,729.5
677,1276,126960,143040,1270.79984464008,1829.8,727.5
678,1277,127211,142789,1272.06585900245,1834.1,738.1
679,1278,127251,142749,1271.95767195767,1823.8,729.6
680,1279,127221,142779,1274.7829507351,1828.6,731.9
681,1280,127359,142641,1275.01019223326,1823.6,737.1
682,1281,127007,142993,1275.24698717118,1823.6,739.5
683,1282,127203,142797,1276.60163432074,1832.1,733.8
684,1283,127052,142948,1279.65938186991,1824.7,735.7
685,1284,127021,142979,1282.0118297544,1823,730.8
686,1285,127567,142433,1284.90015519917,1834.9,732.1
687,1286,126877,143123,1285.50179303279,1828.6,748.5
688,1287,127392,142608,1287.36763770513,1835.5,751.5
689,1288,127170,142830,1286.06368044921,1839.5,748.5
690,1289,127032,142968,1283.6447016919,1835.7,743.2
691,1290,126996,143004,1283.71988723731,1831.4,746.3
692,1291,126951,143049,1285.36950336265,1824.6,749
693,1292,127115,142885,1287.87556590351,1828.2,750.7
694,1293,126932,143068,1288.13755736869,1829.2,750.2
695,1294,127510,142490,1289.06245230221,1836.2,751.1
696,1295,127279,142721,1290.8310741688,1830.5,751.4
697,1296,126865,143135,1293.64726993079,1837.8,748.9
698,1297,127026,142974,1293.61398406878,1833.8,748.5
699,1298,127382,142618,1294.25124728157,1838.8,746.2
700,1299,127352,142648,1294.49923664122,1837,750.4
701,1300,127261,142739,1297.02686187142,1841.4,757
702,1301,126973,143027,1295.08357641091,1844.1,751
703,1302,127167,142833,1294.10219164118,1838.8,759.8
704,1303,127138,142862,1294.81313717899,1842.3,755.7
705,1304,127347,142653,1298.15487472413,1846.6,758.5
706,1305,127259,142741,1305.02390906715,1852.8,766.3
707,1306,126904,143096,1304.25340136054,1847.5,765.1
708,1307,127267,142733,1304.75896362209,1851.5,762.1
709,1308,127150,142850,1301.17853403141,1854.6,759.6
710,1309,127123,142877,1299.86332157324,1847.9,760.6
711,1310,127035,142965,1302.83865502411,1851,762.8
712,1311,126870,143130,1305.94491634492,1853.9,758
713,1312,127507,142493,1308.31621167033,1852.8,775.3
714,1313,127041,142959,1309.8441104056,1848.4,772.9
715,1314,126995,143005,1305.32291397572,1854.4,770.4
716,1315,127228,142772,1306.48455623615,1857.9,765.4
717,1316,127017,142983,1310.05532359081,1856.3,777.7
718,1317,127410,142590,1307.36197295147,1854.7,777.2
719,1318,127322,142678,1306.77560083595,1848,781.5
720,1319,127444,142556,1310.45858064516,1854.4,781.7
721,1320,127355,142645,1311.77672548002,1859.9,774
722,1321,127143,142857,1318.30371900826,1866.3,771.7
723,1322,127423,142577,1319.77490918526,1856.4,771.8
724,1323,127356,142644,1322.49987063389,1862.3,773.9
725,1324,127282,142718,1320.47612287042,1871.9,779.3
726,1325,127014,142986,1320.2513541398,1866.2,777.1
727,1326,127120,142880,1323.4389988206,1867.6,776
728,1327,127059,142941,1321.15039543628,1863.2,777.5
729,1328,127137,142863,1321.68540778079,1870.9,781.9
730,1329,127040,142960,1322.81382978723,1880.8,771.2
731,1330,127500,142500,1322.26235203294,1877.9,786.9
732,1331,127201,142799,1322.57733577597,1878.8,780.5
733,1332,127076,142924,1324.92465753425,1886.2,781.2
734,1333,127404,142596,1326.75544541542,1886.1,790.1
735,1334,127299,142701,1325.47938951213,1873.9,792.1
736,1335,127546,142454,1327.91880173433,1880.8,797.7
737,1336,126988,143012,1323.93606707717,1886.1,793.4
738,1337,127514,142486,1327.48484056456,1877.4,794
739,1338,127132,142868,1332.5067855758,1887.3,793.2
740,1339,127375,142625,1334.06045602606,1886.8,798.2
741,1340,127055,142945,1333.85298268121,1881.9,799.8
742,1341,127031,142969,1335.55629563213,1884.1,800.5
743,1342,126951,143049,1338.92892093742,1896.8,794.6
744,1343,126979,143021,1337.8927592955,1888.5,794
745,1344,127016,142984,1341.88597761685,1886.8,802.3
746,1345,127419,142581,1344.04089709763,1886.6,804.6
747,1346,127004,142996,1344.64604675598,1890.3,806.1
748,1347,126806,143194,1347.49601910828,1887.1,806
749,1348,127349,142651,1342.60237659963,1888.1,799.6
750,1349,127203,142797,1343.52800734619,1901.7,801.6
751,1350,126982,143018,1341.45504229018,1898.1,805.7
752,1351,127356,142644,1343.40248086566,1893.2,799.2
753,1352,126848,143152,1345.39149385814,1888.3,801.5
754,1353,127249,142751,1344.68606958592,1895.4,808.7
755,1354,127193,142807,1347.43785273658,1891.2,811.9
756,1355,126906,143094,1350.41102362205,1891.1,819.8
757,1356,127170,142830,1350.45759368836,1891,812
758,1357,127139,142861,1348.2632824829,1909.5,813.1
759,1358,127083,142917,1349.31455399061,1902.5,817.3
760,1359,127286,142714,1348.07316118936,1904.7,811.2
761,1360,127283,142717,1348.44815102146,1903.2,813.8
762,1361,127129,142871,1350.56783724245,1905.1,815.9
763,1362,127442,142558,1351.90409538621,1910.6,807.8
764,1363,127673,142327,1354.65514563107,1910.7,814.5
765,1364,127051,142949,1352.89299661546,1910,815.5
766,1365,127035,142965,1352.08159564823,1909.3,823.8
767,1366,127269,142731,1352.17981888745,1913.2,821.3
768,1367,127108,142892,1355.82642588021,1906.5,822.1
769,1368,126901,143099,1357.845504158,1908.4,820.3
770,1369,127089,142911,1359.10286374727,1907.5,821
771,1370,127417,142583,1361.35965709832,1918.4,820.8
772,1371,127057,142943,1361.2695473251,1913,822.4
773,1372,127132,142868,1364.85402120507,1916.2,832.3
774,1373,127310,142690,1369.66986196319,1913.6,823.9
775,1374,127257,142743,1368.21263103404,1914.7,831
776,1375,127138,142862,1372.16803545822,1915.8,835.8
777,1376,127355,142645,1371.51341350601,1920.2,831.4
778,1377,126945,143055,1371.07888874328,1922,829.2
779,1378,127490,142510,1374.23373745274,1923.2,834.1
780,1379,127158,142842,1372.69199421585,1926,833.2
781,1380,127273,142727,1378.17166426607,1921,839.3
782,1381,127371,142629,1377.89750294156,1928,830.5
783,1382,127210,142790,1376.43155391121,1927.3,835.1
784,1383,127423,142577,1375.21267624193,1926.7,830.4
785,1384,127293,142707,1381.34548969072,1931.4,828.8
786,1385,127379,142621,1381.10576551013,1933.6,840.6
787,1386,127328,142672,1380.78294171102,1935,844.6
788,1387,126851,143149,1383.84241628365,1932.3,845.8
789,1388,127017,142983,1386.09756735548,1940,844.9
790,1389,126880,143120,1388.74934793949,1927.3,851.2
791,1390,127048,142952,1388.09005481598,1927.3,844.5
792,1391,127307,142693,1390.67503577468,1922.6,855.1
793,1392,127148,142852,1387.03502098636,1923,850.5
794,1393,127186,142814,1389.31813498197,1936.6,845.4
795,1394,127182,142818,1390.76907001045,1942.4,849.2
796,1395,127282,142718,1393.07930672269,1936.3,841.2
797,1396,127301,142699,1395.12142950306,1937.5,845
798,1397,127114,142886,1397.13132623929,1934.6,850.6
799,1398,127344,142656,1400.19698152485,1947.8,853.3
800,1399,127123,142877,1399.9123731209,1933.2,852.7
801,1400,127367,142633,1398.34962599948,1934.5,852.1
802,1401,127156,142844,1399.19086922879,1943.7,862.1
803,1402,127437,142563,1401.49716129032,1949.1,862.1
804,1403,127041,142959,1400.49663386846,1946.3,859.2
805,1404,127146,142854,1400.88150738151,1951.9,861.2
806,1405,127245,142755,1402.37154768108,1948.7,862.8
807,1406,127003,142997,1401.73814139847,1951.4,856.3
808,1407,127431,142569,1401.38894695584,1950.5,856.8
809,1408,127240,142760,1398.70872009413,1955.7,862.9
810,1409,127081,142919,1403.04675834971,1955.5,864.6
811,1410,127222,142778,1405.44165474177,1954.4,868.8
812,1411,127233,142767,1403.2799164818,1954.1,873.6
813,1412,127086,142914,1404.37572102779,1965.9,868.4
814,1413,127201,142799,1404.70533037925,1962.4,866.2
815,1414,127298,142702,1409.64102564103,1960.2,867.8
816,1415,127113,142887,1411.67545931759,1956.6,865.6
817,1416,127130,142870,1410.26018396846,1959.2,870
818,1417,127282,142718,1409.01485535575,1961.3,871.2
819,1418,127281,142719,1415.86775884666,1963.7,870.6
820,1419,127319,142681,1418.67052700065,1972.1,869.7
821,1420,126936,143064,1422.76842513576,1975.1,876.4
822,1421,127078,142922,1417.50304285899,1973.7,881.3
823,1422,126839,143161,1417.0519912921,1968.3,874.7
824,1423,127410,142590,1417.09416220452,1968.7,883.5
825,1424,127167,142833,1418.97099767981,1963.4,881.5
826,1425,127098,142902,1419.06995991207,1965.9,880.5
827,1426,127180,142820,1418.56035825545,1963.6,874.3
828,1427,127366,142634,1420.98310371718,1967.9,886.6
829,1428,127052,142948,1423.26286670098,1963.7,883.4
830,1429,127012,142988,1427.17073489101,1979.2,885.7
831,1430,127166,142834,1431.64845667054,1976.4,888.3
832,1431,126926,143074,1429.19663065844,1973.2,875.8
833,1432,127101,142899,1428.47656952112,1980.7,888.5
834,1433,127512,142488,1430.19984557972,1984.7,894.6
835,1434,126993,143007,1432.34082977898,1978.8,893.2
836,1435,127363,142637,1430.59101471727,1980.1,891
837,1436,127195,142805,1433.17201774993,1987.2,892.7
838,1437,127303,142697,1433.72868723849,1985.8,897.3
839,1438,127203,142797,1433.9119197634,1980.5,892.8
840,1439,126972,143028,1436.86975490825,1975.7,897
841,1440,127235,142765,1437.45801331285,1982.5,903.1
842,1441,126977,143023,1439.06757457847,1987.5,900.9
843,1442,127108,142892,1438.21392779134,1988,897.5
844,1443,126925,143075,1435.53851066547,1992.3,888.7
845,1444,127141,142859,1438.56437164065,1986,901.2
846,1445,127392,142608,1439.34712673499,1988.1,895.2
847,1446,126789,143211,1444.39249545573,1993.4,892.1
848,1447,127248,142752,1441.41016686069,1996.7,903.1
849,1448,127367,142633,1444.90487804878,1990.2,902.4
850,1449,127214,142786,1446.9107830552,1993.8,900.8
851,1450,127073,142927,1448.92169762642,1995.7,900.9
852,1451,127103,142897,1448.05782792666,1995.2,907.6
853,1452,127226,142774,1449.58920844999,1997.7,906.3
854,1453,127083,142917,1450.14933471128,1994.6,904.1
855,1454,127028,142972,1451.58687308086,2001.5,905
856,1455,127356,142644,1452.00784465021,1996.9,911.7
857,1456,127095,142905,1454.86010631402,1997.4,915.8
858,1457,127319,142681,1454.47744020685,2003.3,914.7
859,1458,127530,142470,1453.18173455979,2004.1,913.5
860,1459,127241,142759,1455.62600447899,2004,908.3
861,1460,127182,142818,1456.17447474879,2003.6,915.7
862,1461,127110,142890,1457.74350945858,1997.5,911.4
863,1462,127176,142824,1459.00892739924,1997.3,914.3
864,1463,127530,142470,1460.61441065135,2006.9,916.4
865,1464,127099,142901,1460.6650961916,2004,916.7
866,1465,127012,142988,1462.92086426299,2007.3,919.4
867,1466,127128,142872,1462.3448775349,2015,918.1
868,1467,126904,143096,1461.39748843358,2018.6,929.2
869,1468,127090,142910,1465.1208602718,2006.2,933.5
870,1469,127052,142948,1461.34588859416,2008.9,931.2
871,1470,127423,142577,1464.67615106053,2014.5,927
872,1471,127082,142918,1468.17002469778,2015.3,928.5
873,1472,127110,142890,1469.08881881487,2015.4,927.6
874,1473,127268,142732,1471.97796721311,2009,933.6
875,1474,127134,142866,1470.24606299213,2009.2,935.3
876,1475,126947,143053,1474.10282708744,2014.9,929.9
877,1476,127056,142944,1475.72286129843,2023.2,935.2
878,1477,126984,143016,1475.35009261709,2029.8,930.9
879,1478,127415,142585,1477.25199008221,2024.1,937.5
880,1479,127208,142792,1475.4562218095,2022.9,937.1
881,1480,126837,143163,1475.44817595153,2028.2,937.5
882,1481,126924,143076,1477.30155151837,2025,941.5
883,1482,127072,142928,1475.35712401055,2025,933.2
884,1483,127191,142809,1475.31754910889,2021.4,943.7
885,1484,126624,143376,1481.17846434624,2016.3,946.6
886,1485,127000,143000,1481.05776220145,2020.4,948.9
887,1486,127259,142741,1480.33094462541,2034.5,950.2
888,1487,127238,142762,1481.71974025974,2028.8,954.8
889,1488,127184,142816,1482.82569990969,2033.4,947
890,1489,127217,142783,1484.36601138127,2027.1,943.8
891,1490,126854,143146,1487.20762052877,2029.2,946.9
892,1491,126959,143041,1486.66857142857,2040.2,940.1
893,1492,127454,142546,1489.26679586563,2045.4,946.4
894,1493,127279,142721,1490.41306312121,2039.4,943.1
895,1494,126998,143002,1491.14586291468,2047.3,942.2
896,1495,127193,142807,1494.47094682231,2049.5,948.8
897,1496,127059,142941,1495.14460656592,2035.5,950.8
898,1497,127301,142699,1493.24683130798,2039.3,947.6
899,1498,127439,142561,1493.2179270982,2043.6,959.8
900,1499,127439,142561,1493.83081924577,2044,949.2
901,1500,127070,142930,1499.22187782513,2042.3,952.9
902,1501,127247,142753,1499.18107206976,2039.9,952.6
903,1502,127200,142800,1499.10909558729,2044.6,950.3
904,1503,127456,142544,1503.99260124611,2054.7,955.3
905,1504,127185,142815,1501.36309600724,2038.4,958.8
906,1505,127220,142780,1502.64780525702,2044.8,965.2
907,1506,127371,142629,1504.43467659138,2054.7,962
908,1507,127001,142999,1499.28171355499,2060.2,958
909,1508,127270,142730,1503.91420461876,2052.9,966.7
910,1509,127039,142961,1502.86880165289,2056.5,975.3
911,1510,127147,142853,1507.00553695596,2040.7,972.9
912,1511,127292,142708,1507.21004681766,2049,970.7
913,1512,127373,142627,1508.82221655401,2051,966.9
914,1513,127243,142757,1505.15356679637,2056.1,966.9
915,1514,127303,142697,1508.97978266363,2061,971.1
916,1515,127276,142724,1509.72325341583,2063.2,967.3
917,1516,127078,142922,1510.44747979992,2060.4,972.6
918,1517,126930,143070,1509.95928951121,2060.4,969.1
919,1518,127394,142606,1511.84529958678,2063.2,962.9
920,1519,127124,142876,1514.53618677043,2056.7,974.7
921,1520,126928,143072,1514.81679885581,2063.8,978.8
922,1521,127194,142806,1517.1557815148,2065.2,976.2
923,1522,127396,142604,1516.70636363636,2066,976.1
924,1523,126977,143023,1518.95517554087,2066.7,978.1
925,1524,127229,142771,1520.61971462233,2074.1,982.7
926,1525,126912,143088,1525.52491476528,2067.2,981.6
927,1526,127266,142734,1522.33692967633,2069.1,979
928,1527,127391,142609,1524.2444012945,2068.7,983.2
929,1528,127154,142846,1525.69878427315,2071.4,980.2
930,1529,127077,142923,1527.70189315353,2069,989.2
931,1530,127188,142812,1528.3675146771,2067.8,991.4
932,1531,127008,142992,1530.35157651884,2076.6,982.5
933,1532,127272,142728,1526.80240146176,2078.6,984.3
934,1533,127345,142655,1528.35176848875,2072.6,989.1
935,1534,127405,142595,1530.47260451831,2077,995.7
936,1535,127259,142741,1527.716359007,2080.3,989.7
937,1536,127663,142337,1532.54809529876,2080.2,995.1
938,1537,127371,142629,1530.88678035646,2077.1,989.2
939,1538,127124,142876,1530.88290010194,2082,993.2
940,1539,127345,142655,1533.63376856119,2080.2,989.7
941,1540,127192,142808,1534.1883645766,2085.6,992.3
942,1541,127318,142682,1534.09873869283,2090,995.1
943,1542,127505,142495,1535.68537590113,2094.5,987.6
944,1543,127539,142461,1534.68518047789,2087.9,996.8
945,1544,127574,142426,1539.87498393935,2087,997.2
946,1545,127220,142780,1538.96222335284,2089.8,989.3
947,1546,127314,142686,1538.1638736088,2094.7,1001.6
948,1547,127662,142338,1541.13378743092,2090.5,1007
949,1548,127208,142792,1542.3931711046,2085.4,1004.4
950,1549,127366,142634,1539.43910339466,2085.3,1006.6
951,1550,126925,143075,1541.46783550342,2103,1006.5
952,1551,126945,143055,1544.15788794216,2098,1009.7
953,1552,127006,142994,1546.45149205529,2088.9,1014.6
954,1553,127020,142980,1547.46711723421,2101.6,1013.2
955,1554,127075,142925,1547.7709239826,2106.1,1011.8
956,1555,127447,142553,1548.0107373868,2101.1,1010.7
957,1556,127175,142825,1550.40865006553,2102.6,1014.4
958,1557,127222,142778,1548.84071141114,2105.6,1003.9
959,1558,127290,142710,1547.55319148936,2096.4,1002.9
960,1559,127096,142904,1549.93846546662,2100.1,1009.4
961,1560,127456,142544,1550.8575610998,2100.4,1012.5
962,1561,127514,142486,1555.1004372428,2094.4,1015.4
963,1562,127369,142631,1556.58059488245,2102.2,1019.7
964,1563,126895,143105,1557.81732140542,2107.8,1023.5
965,1564,127145,142855,1562.2619452808,2101,1025.1
966,1565,127266,142734,1562.56187116164,2109.1,1019.5
967,1566,127163,142837,1561.43765635286,2103.5,1024.6
968,1567,127289,142711,1562.78174447496,2119.5,1031.4
969,1568,127091,142909,1558.76282722513,2112.3,1028
970,1569,127116,142884,1559.6105894627,2112.7,1029.4
971,1570,126911,143089,1563.52777418102,2111.7,1032.7
972,1571,127378,142622,1564.2692848919,2110.5,1037.2
973,1572,127090,142910,1568.38562675517,2109.9,1027.2
974,1573,127437,142563,1569.39977002683,2119.6,1029
975,1574,127223,142777,1570.04806322062,2117.3,1029.9
976,1575,127076,142924,1570.84739793922,2114.9,1029.6
977,1576,127051,142949,1575.33056887391,2128.4,1034.7
978,1577,127309,142691,1571.82100269265,2116.1,1039.3
979,1578,127168,142832,1574.27032598892,2119.6,1033.9
980,1579,127086,142914,1575.60931485758,2119.4,1033.2
981,1580,127243,142757,1576.23561961138,2116.3,1028
982,1581,127148,142852,1579.43447293447,2121.9,1038.6
983,1582,127116,142884,1577.64986178755,2127.5,1033.6
984,1583,127081,142919,1579.24678562057,2127.8,1037.5
985,1584,127143,142857,1574.69676567657,2132.2,1042.3
986,1585,126919,143081,1576.70285044904,2128.5,1041.4
987,1586,127101,142899,1583.56680639245,2128,1046.9
988,1587,127189,142811,1584.35069489544,2129.1,1045
989,1588,127270,142730,1583.20317952695,2128.8,1046.5
990,1589,126970,143030,1584.23092836824,2121.2,1051.1
991,1590,126902,143098,1582.38949113633,2125.5,1049.2
992,1591,127347,142653,1585.45246953175,2133.3,1054.4
993,1592,127172,142828,1582.86352672337,2140.2,1046.8
994,1593,127088,142912,1587.58062443788,2139.9,1043.7
995,1594,127123,142877,1589.20526383692,2144.9,1049.6
996,1595,127161,142839,1589.81839438815,2142.5,1053.7
997,1596,127307,142693,1590.4143452226,2141,1052.6
998,1597,127047,142953,1592.07260683206,2138.9,1043.3
999,1598,126858,143142,1593.11514994158,2136.6,1047.9
1000,1599,127273,142727,1595.46055022061,2134,1048.9
1001,1600,127019,142981,1598.89367778787,2142.4,1061
1002,1601,127136,142864,1600.94075735585,2135.9,1055
1003,1602,127109,142891,1603.5525343189,2147.1,1068.8
1004,1603,127135,142865,1603.03172285638,2145.2,1060
1005,1604,126903,143097,1601.45184025059,2144.6,1062.1
1006,1605,127455,142545,1602.33463592549,2144.9,1062
1007,1606,127228,142772,1605.82889932186,2158.3,1056.2
1008,1607,127253,142747,1608.16584351443,2159.1,1056.5
1009,1608,126951,143049,1606.05685265796,2144.4,1060.9
1010,1609,127284,142716,1609.60743050143,2154.5,1052.1
1011,1610,127121,142879,1611.16180852442,2156.2,1056.5
1012,1611,127095,142905,1611.15304414983,2149.3,1060.8
1013,1612,127383,142617,1610.10498381877,2156.3,1060
1014,1613,127132,142868,1613.02893518519,2155.2,1069
1015,1614,127369,142631,1610.70318570319,2160.4,1058.1
1016,1615,126899,143101,1613.70349140177,2159.2,1066.2
1017,1616,127008,142992,1613.97769181173,2154.1,1070.7
1018,1617,127208,142792,1617.55978684689,2164.8,1078.6
1019,1618,127491,142509,1615.13070866142,2163.6,1072.4
1020,1619,127209,142791,1615.23385826772,2155.6,1069.7
1021,1620,127203,142797,1614.6021753039,2166.6,1068.6
1022,1621,127165,142835,1616.85952227243,2171,1081.2
1023,1622,127443,142557,1622.44863542739,2169.1,1083.3
1024,1623,127078,142922,1623.73126516022,2174.4,1085.6
1025,1624,127131,142869,1620.44697454266,2165.2,1087.4
1026,1625,127133,142867,1620.51494049126,2167.1,1085.3
1027,1626,127116,142884,1621.79814862432,2174.5,1083
1028,1627,127204,142796,1625.62178343949,2176.4,1091.2
1029,1628,127019,142981,1626.65976631953,2181.8,1078.5
1030,1629,127174,142826,1625.84441910554,2171.8,1083.4
1031,1630,127034,142966,1630.51593420714,2172.2,1083.6
1032,1631,127296,142704,1625.28186462324,2178.8,1078.7
1033,1632,127151,142849,1630.72824407827,2182.6,1085.9
1034,1633,127436,142564,1631.94157988316,2186.1,1082.7
1035,1634,127119,142881,1631.53777093754,2170.1,1089.9
1036,1635,127192,142808,1635.97862477466,2173.3,1086.4
1037,1636,127202,142798,1634.24760548796,2178.9,1087.3
1038,1637,127581,142419,1636.11474558671,2177.6,1090.5
1039,1638,126995,143005,1633.93656957929,2174.5,1090.7
1040,1639,127156,142844,1638.63055842813,2177.1,1093.9
1041,1640,127378,142622,1637.38463521526,2180.1,1098.4
1042,1641,127088,142912,1640.55119629534,2186.1,1095.9
1043,1642,127068,142932,1637.69500640205,2190.1,1096.1
1044,1643,127065,142935,1638.84091778203,2189.7,1099.3
1045,1644,127422,142578,1636.55188861673,2195.1,1097.9
1046,1645,127064,142936,1637.84220135629,2189.6,1101.6
1047,1646,127277,142723,1638.69677080599,2188.7,1101.9
1048,1647,126845,143155,1639.84733727811,2194,1107.7
1049,1648,127076,142924,1637.44940747493,2190.1,1097.6
1050,1649,127750,142250,1646.5405091097,2192.2,1105.2
1051,1650,127595,142405,1645.57906286304,2186.9,1102.1
1052,1651,127072,142928,1640.68991347023,2192,1105.5
1053,1652,127442,142558,1647.10500195899,2197.2,1110.6
1054,1653,127215,142785,1646.02005208333,2198.3,1117.9
1055,1654,127482,142518,1647.07203224548,2200.8,1104.6
1056,1655,127526,142474,1652.82608695652,2206.6,1108.3
1057,1656,127373,142627,1650.9933912142,2199,1109.8
1058,1657,127383,142617,1650.779357152,2195.4,1109.7
1059,1658,127067,142933,1651.84814340589,2192.5,1114.8
1060,1659,127504,142496,1651.46875406002,2192.9,1110.9
1061,1660,127309,142691,1654.65486496963,2193.7,1109.1
1062,1661,127036,142964,1656.58868461937,2199.9,1110.8
1063,1662,127070,142930,1655.74139051332,2202.3,1113.9
1064,1663,127477,142523,1656.37630662021,2206.7,1116.5
1065,1664,126969,143031,1659.04093190887,2200.3,1124.9
1066,1665,126884,143116,1661.30849130096,2216.4,1118.8
1067,1666,127104,142896,1664.63062596999,2211.6,1121.7
1068,1667,126774,143226,1664.03859147609,2208.2,1118.3
1069,1668,127223,142777,1665.46469218831,2214.8,1117.5
1070,1669,127137,142863,1664.24412665986,2218.7,1123.7
1071,1670,127188,142812,1666.52474358974,2219.3,1125.2
1072,1671,127424,142576,1665.91522357198,2209.9,1121.6
1073,1672,127017,142983,1669.031640625,2221.4,1130.1
1074,1673,127495,142505,1668.9754530266,2223.9,1129.1
1075,1674,127097,142903,1669.75073239078,2221.5,1132.4
1076,1675,127092,142908,1670.35680631606,2218.5,1134.8
1077,1676,127049,142951,1671.02964551533,2216.2,1132.7
1078,1677,127160,142840,1673.31711026616,2217.8,1133
1079,1678,126862,143138,1671.67989854153,2219.2,1133.7
1080,1679,127648,142352,1674.02360406091,2218.7,1131.6
1081,1680,126861,143139,1674.14412248513,2221.4,1137.5
1082,1681,127484,142516,1676.53259361997,2222,1139.9
1083,1682,127115,142885,1679.01265822785,2225.3,1130.2
1084,1683,127244,142756,1678.67267612837,2228.7,1137.3
1085,1684,127112,142888,1681.06502525253,2222.9,1136.7
1086,1685,127537,142463,1683.68863866397,2233,1139.6
1087,1686,127347,142653,1683.11023226616,2230.6,1138.4
1088,1687,127172,142828,1683.277017698,2235.2,1149.9
1089,1688,127229,142771,1686.41858418207,2233.8,1142.5
1090,1689,127319,142681,1689.60869565217,2235.2,1139.4
1091,1690,127508,142492,1689.01756603058,2232.4,1142.3
1092,1691,127268,142732,1689.93951967811,2237.5,1144.6
1093,1692,127454,142546,1692.25630944832,2236.3,1152.8
1094,1693,127018,142982,1691.14648710456,2238.7,1150.3
1095,1694,127227,142773,1692.34719875211,2241.4,1144.7
1096,1695,127362,142638,1692.73530170191,2237.5,1144
1097,1696,126844,143156,1693.90873328088,2238.1,1141
1098,1697,127141,142859,1696.71479666181,2240.8,1151.1
1099,1698,127062,142938,1698.80929866036,2242,1147.9
1100,1699,127341,142659,1694.01170744541,2241.2,1154.2
1101,1700,127075,142925,1698.18070582174,2251.7,1152
1102,1701,126946,143054,1697.56448037554,2249.3,1156.2
1103,1702,127282,142718,1698.09132829512,2245,1154.3
1104,1703,127058,142942,1698.48334845147,2246.2,1160
1105,1704,127318,142682,1700.90076824584,2248.1,1162.1
1106,1705,127279,142721,1703.6574313827,2248.7,1164
1107,1706,127095,142905,1704.64260947733,2241.3,1164.1
1108,1707,127101,142899,1702.99807987711,2247.5,1157.9
1109,1708,127010,142990,1706.6357477853,2246.2,1161.7
1110,1709,127651,142349,1705.97364380757,2244,1162.2
1111,1710,127334,142666,1703.17797468354,2250.5,1162.9
1112,1711,127635,142365,1710.08778625954,2245.6,1169.6
1113,1712,127117,142883,1706.46254321936,2253.5,1157.4
1114,1713,127056,142944,1708.27318199307,2257.6,1168.3
1115,1714,127442,142558,1708.52603899436,2264.6,1164.9
1116,1715,127140,142860,1710.23515864893,2264.4,1176.7
1117,1716,127367,142633,1709.67314373954,2264.9,1172.3
1118,1717,127279,142721,1708.2930748629,2252.2,1168.5
1119,1718,127307,142693,1714.43523712392,2252.5,1173.1
1120,1719,127256,142744,1713.22452614171,2259.6,1179.3
1121,1720,127294,142706,1715.67388003037,2259.7,1176.1
1122,1721,127173,142827,1716.42488050639,2266,1177
1123,1722,127294,142706,1713.42949942682,2268.3,1174.9
1124,1723,127293,142707,1715.70320102433,2259.1,1179
1125,1724,127252,142748,1720.17725622407,2276.1,1175.3
1126,1725,127087,142913,1720.77014887064,2265.3,1172.8
1127,1726,127521,142479,1722.06697698474,2267.8,1175.1
1128,1727,127313,142687,1724.03835792174,2273.6,1179.9
1129,1728,127361,142639,1725.25093584613,2277.1,1183.1
1130,1729,127250,142750,1725.63414634146,2269.8,1177.2
1131,1730,127075,142925,1728.21004858093,2272.2,1186
1132,1731,126874,143126,1728.41412724723,2275.4,1189.4
1133,1732,127112,142888,1729.63208032956,2271.4,1191.1
1134,1733,127321,142679,1726.88012178105,2274.8,1186.5
1135,1734,127303,142697,1729.69570207882,2277.3,1187.2
1136,1735,127149,142851,1731.77469135802,2277.8,1190.6
1137,1736,126990,143010,1731.45521330068,2279.7,1195.7
1138,1737,127062,142938,1731.58818240206,2269.5,1194.6
1139,1738,127279,142721,1732.77564185266,2279,1191.3
1140,1739,127037,142963,1732.78916601715,2274.5,1189.7
1141,1740,126619,143381,1733.66688286418,2282.1,1200.3
1142,1741,127213,142787,1733.44225789746,2278.2,1188.7
1143,1742,127199,142801,1737.9872488408,2287.8,1190.6
1144,1743,127291,142709,1736.45424164524,2282.6,1192.8
1145,1744,127221,142779,1737.53986775574,2288.6,1206.4
1146,1745,126954,143046,1738.90899595247,2291.2,1203.3
1147,1746,127544,142456,1737.62077888472,2289.8,1199.9
1148,1747,127386,142614,1743.46235172769,2290.8,1210.2
1149,1748,127117,142883,1745.21549512571,2300,1201.1
1150,1749,126866,143134,1748.277834919,2291.2,1201.4
1151,1750,127077,142923,1744.47537138389,2295.6,1203.8
1152,1751,127013,142987,1743.57079530639,2296.8,1193.4
1153,1752,127277,142723,1746.69476405947,2300.6,1202.4
1154,1753,127145,142855,1749.18806438948,2297.7,1215.7
1155,1754,127543,142457,1752.21248045857,2298.2,1211.4
1156,1755,127249,142751,1751.03031105228,2293.3,1207.9
1157,1756,126918,143082,1751.76025524157,2302.9,1204.8
1158,1757,127432,142568,1750.30769230769,2304.7,1210.2
1159,1758,127171,142829,1751.30005159959,2300.5,1213
1160,1759,127052,142948,1751.90354555852,2299.7,1220.7
1161,1760,127280,142720,1754.62485600922,2304.1,1217.1
1162,1761,127019,142981,1755.6657709533,2304.4,1214.5
1163,1762,127052,142948,1756.51659009699,2306.6,1215.1
1164,1763,127027,142973,1757.35745278203,2309.4,1214.1
1165,1764,126938,143062,1760.78045325779,2312.9,1216.9
1166,1765,127023,142977,1758.7357572654,2314.8,1221.1
1167,1766,127160,142840,1758.55769479261,2309.7,1217.9
1168,1767,127616,142384,1758.5327151626,2301.1,1217.8
1169,1768,127078,142922,1756.73470443668,2303.6,1217.4
1170,1769,126965,143035,1761.68714580113,2303.5,1227.1
1171,1770,127300,142700,1759.92560287327,2311.1,1226.4
1172,1771,127225,142775,1760.36505460218,2301.7,1226.5
1173,1772,127441,142559,1761.31432598667,2315.8,1227.1
1174,1773,126964,143036,1765.010616261,2316.4,1224.7
1175,1774,127158,142842,1765.08005617978,2319.6,1227.5
1176,1775,127082,142918,1766.04519193735,2312.4,1234.2
1177,1776,127208,142792,1769.03394824494,2309.4,1226.2
1178,1777,127048,142952,1770.29109853357,2310.2,1228.6
1179,1778,126916,143084,1773.70071105365,2315.6,1235.2
1180,1779,127447,142553,1776.75698180887,2328.7,1234
1181,1780,127177,142823,1775.97961290323,2324.7,1228.9
1182,1781,127063,142937,1776.84919510625,2326.7,1231.8
1183,1782,126938,143062,1778.19339378238,2324.8,1238.4
1184,1783,127115,142885,1775.27675371224,2329.2,1242.3
1185,1784,127396,142604,1780.27777777778,2331.1,1241.2
1186,1785,127011,142989,1781.37610789981,2333.1,1239.3
1187,1786,127028,142972,1781.85776974703,2335.8,1252.2
1188,1787,127031,142969,1780.85625806452,2335.2,1248.1
1189,1788,127215,142785,1779.9539861574,2331.1,1249.9
1190,1789,126946,143054,1784.26814411612,2340.6,1241.4
1191,1790,127552,142448,1786.3918762089,2332.1,1248.2
1192,1791,127229,142771,1788.20098229288,2346.2,1250
1193,1792,126993,143007,1791.55314166775,2343.6,1245.4
1194,1793,127265,142735,1790.76772168454,2335.7,1241.6
1195,1794,127148,142852,1790.54548984082,2341.4,1247.7
1196,1795,127435,142565,1788.75350140056,2344.1,1240.1
1197,1796,127430,142570,1792.09458064516,2343.8,1248.6
1198,1797,127051,142949,1791.12897778932,2348.4,1250.9
1199,1798,126673,143327,1792.91293564809,2354.2,1252.6
1200,1799,127084,142916,1796.00104918033,2343.4,1259.3
1201,1800,127040,142960,1797.5076643284,2347.1,1255.9
1202,1801,127333,142667,1795.98044838373,2345.3,1265.1
1203,1802,127083,142917,1799.03758819756,2345.4,1257.3
1204,1803,126805,143195,1798.36600810537,2352.2,1255.7
1205,1804,127098,142902,1799.91732929446,2345.5,1264.3
1206,1805,127146,142854,1801.78748720573,2344.7,1258.6
1207,1806,127302,142698,1802.63955119215,2347.1,1254.2
1208,1807,127228,142772,1803.36833396971,2354.9,1260.3
1209,1808,127291,142709,1805.10379746835,2348,1268.4
1210,1809,127270,142730,1805.50229943792,2350.2,1262.9
1211,1810,127291,142709,1808.84871368232,2354,1264.1
1212,1811,127425,142575,1808.87363636364,2355,1259.4
1213,1812,127245,142755,1810.99472397375,2354.2,1267.8
1214,1813,127236,142764,1810.53575585155,2364.8,1275.9
1215,1814,126985,143015,1811.34580052493,2360.3,1268.6
1216,1815,127345,142655,1810.03697368421,2357.4,1274.1
1217,1816,127267,142733,1812.70789885297,2362.1,1279.7
1218,1817,126870,143130,1813.28063757512,2356.1,1280.5
1219,1818,127062,142938,1812.13336813259,2364,1268.6
1220,1819,126889,143111,1814.7099533437,2369,1276.5
1221,1820,127372,142628,1812.12728688206,2364.6,1269.6
1222,1821,126994,143006,1815.6453118921,2371.5,1264.8
1223,1822,126936,143064,1815.65782321729,2364,1277.3
1224,1823,127280,142720,1819.63585324455,2366.5,1277.9
1225,1824,127193,142807,1820.42798034652,2366.8,1275
1226,1825,127310,142690,1822.22525906736,2369.2,1275.6
1227,1826,127203,142797,1818.70096128865,2375.6,1282.4
1228,1827,127136,142864,1820.41031331593,2361.9,1276
1229,1828,127171,142829,1822.79468661336,2374.9,1275.3
1230,1829,127283,142717,1825.91097845834,2374.1,1279.2
1231,1830,127094,142906,1826.83046714579,2374.6,1281.4
1232,1831,127225,142775,1830.09807219563,2370.6,1281.6
1233,1832,127401,142599,1827.34118404118,2373.4,1282.1
1234,1833,127181,142819,1828.67479569335,2378.7,1290.6
1235,1834,126970,143030,1826.95956555875,2371.7,1284.2
1236,1835,127120,142880,1831.65010487677,2381.4,1283.6
1237,1836,127242,142758,1829.99619122669,2369.6,1284.2
1238,1837,127204,142796,1831.1406824147,2383.7,1283.7
1239,1838,127408,142592,1834.61041666667,2379.8,1287.5
1240,1839,127280,142720,1833.43468615425,2385.2,1284.5
1241,1840,127318,142682,1833.80906611248,2383,1285.7
1242,1841,127364,142636,1837.08121496545,2380.2,1299.7
1243,1842,127245,142755,1838.69848465225,2382.9,1301.3
1244,1843,127068,142932,1834.75854949026,2385,1293.4
1245,1844,127410,142590,1836.974663909,2387.1,1292.5
1246,1845,127109,142891,1839.87607661653,2383.8,1302.2
1247,1846,127185,142815,1839.94846958543,2381.2,1303.7
1248,1847,127200,142800,1841.0998068255,2394.6,1312.7
1249,1848,127249,142751,1845.51942922665,2398.6,1301.6
1250,1849,127314,142686,1843.60165184244,2395.2,1296.5
1251,1850,127293,142707,1845.60974980655,2389.6,1299.3
1252,1851,127344,142656,1848.5084222708,2393.9,1302.3
1253,1852,127309,142691,1849.54086353123,2400.7,1305.9
1254,1853,126988,143012,1849.67205274043,2402.3,1311.3
1255,1854,127164,142836,1846.83348439726,2403.9,1313.8
1256,1855,127398,142602,1850.08795634663,2404.1,1311.3
1257,1856,127132,142868,1851.18539180073,2408.9,1310.9
1258,1857,127213,142787,1853.80876901444,2402.2,1311.9
1259,1858,127440,142560,1854.90960235264,2407,1313
1260,1859,127054,142946,1852.09190897598,2406.1,1316.1
1261,1860,127429,142571,1851.83951868271,2403.1,1309.6
1262,1861,127285,142715,1854.67554996857,2401.2,1310.9
1263,1862,127276,142724,1855.96764743345,2407.1,1314.5
1264,1863,127401,142599,1856.58920010093,2412.2,1321.7
1265,1864,127544,142456,1858.7181680926,2406.8,1311.8
1266,1865,127338,142662,1861.58509412217,2409.5,1322.5
1267,1866,127199,142801,1860.06484424666,2409.3,1322.1
1268,1867,127056,142944,1861.65815273478,2408.5,1323
1269,1868,127277,142723,1860.94763579523,2410.9,1314.7
1270,1869,127049,142951,1864.84242969051,2415.1,1322.6
1271,1870,127358,142642,1864.98311804579,2414.2,1334.5
1272,1871,127386,142614,1863.47491681597,2415.9,1330.3
1273,1872,127110,142890,1869.15643462625,2411.7,1332.8
1274,1873,127216,142784,1869.23399077869,2414.2,1324.9
1275,1874,127339,142661,1867.17046772323,2415.4,1327
1276,1875,127016,142984,1873.07556187032,2415.3,1324.9
1277,1876,126654,143346,1873.42679206914,2418.9,1328.8
1278,1877,127321,142679,1872.08867631851,2410.3,1331.5
1279,1878,127052,142948,1874.84543235256,2417.9,1326.9
1280,1879,126926,143074,1878.97083981337,2422,1330.5
1281,1880,127912,142088,1877.78809831824,2417.1,1328.2
1282,1881,127113,142887,1880.82800727462,2422.3,1330
1283,1882,127014,142986,1883.12307692308,2423.9,1334
1284,1883,127078,142922,1887.54571540368,2432.6,1339.4
1285,1884,127037,142963,1888.29949501489,2427.1,1338.3
1286,1885,127096,142904,1886.16705366357,2426.9,1350.2
1287,1886,127043,142957,1883.52517799353,2428.3,1339.4
1288,1887,127411,142589,1885.53800566864,2424.5,1344.7
1289,1888,126840,143160,1884.81789178152,2438.1,1333.2
1290,1889,127579,142421,1888.7076053443,2429,1335.8
1291,1890,127416,142584,1888.84580876698,2437.3,1348.4
1292,1891,127192,142808,1891.10945595855,2438.5,1343.1
1293,1892,127099,142901,1886.90368271955,2432.9,1349.3
1294,1893,127444,142556,1892.21460892049,2438.6,1347.7
1295,1894,127337,142663,1893.2411238825,2439.6,1343.2
1296,1895,127221,142779,1894.82842949943,2436.6,1352.3
1297,1896,127186,142814,1894.81672275434,2448.8,1354.6
1298,1897,127163,142837,1897.58665811418,2444.4,1358.9
1299,1898,127040,142960,1891.92855287088,2452.3,1363
1300,1899,127157,142843,1896.28162571877,2450.4,1349.3
1301,1900,126950,143050,1894.03718898888,2448.4,1348.5
1302,1901,127104,142896,1893.07656458056,2445.3,1351
1303,1902,127500,142500,1896.47848829606,2442.4,1354.8
1304,1903,127277,142723,1894.8376700568,2443,1349.6
1305,1904,127250,142750,1895.9403627822,2442.3,1349.7
1306,1905,127013,142987,1897.38261660387,2451.1,1356.9
1307,1906,127222,142778,1897.5600052694,2457.2,1359
1308,1907,127144,142856,1898.32007499665,2446.4,1361.2
1309,1908,127274,142726,1903.60068710359,2451.7,1363.6
1310,1909,127010,142990,1904.64783180026,2443.1,1365.1
1311,1910,127418,142582,1905.54377520489,2459.1,1368.7
1312,1911,127188,142812,1903.85216718266,2455.1,1366.4
1313,1912,127213,142787,1903.97299718454,2459,1366.3
1314,1913,127022,142978,1905.92376566897,2461.9,1370.6
1315,1914,127377,142623,1907.34747396838,2458.5,1365.2
1316,1915,127294,142706,1907.59704999347,2463.5,1366.3
1317,1916,126922,143078,1906.94451714211,2463.3,1372.6
1318,1917,127257,142743,1911.26741130092,2466.2,1372.9
1319,1918,127265,142735,1913.12221498371,2468.2,1370.9
1320,1919,127038,142962,1915.0931372549,2466,1371.7
1321,1920,127071,142929,1916.97653074603,2471.7,1375.8
1322,1921,126979,143021,1916.04383561644,2478.8,1379.5
1323,1922,127074,142926,1917.02862745098,2461.5,1376.7
1324,1923,127069,142931,1916.64876033058,2466.8,1382.1
1325,1924,127005,142995,1921.36936582809,2474.5,1382
1326,1925,126965,143035,1921.67756703728,2464.5,1385.5
1327,1926,126914,143086,1925.0104345529,2476.7,1378.4
1328,1927,126904,143096,1923.66996047431,2467.4,1380.5
1329,1928,127051,142949,1926.46666666667,2479.2,1375.3
1330,1929,127206,142794,1924.51588343397,2469.8,1379.2
1331,1930,127327,142673,1926.55659397715,2469.7,1379.9
1332,1931,127265,142735,1927.54441591784,2478.6,1379.1
1333,1932,127246,142754,1929.07173802243,2488.9,1385.4
1334,1933,127449,142551,1927.96845586365,2476.3,1387.7
1335,1934,127301,142699,1928.33476060724,2471.4,1389.8
1336,1935,127179,142821,1931.64554555823,2477.4,1382.5
1337,1936,127549,142451,1933.54561763198,2482.7,1393.4
1338,1937,127400,142600,1934.20967122937,2478.4,1391.4
1339,1938,126933,143067,1934.8875,2478.5,1395.7
1340,1939,127219,142781,1935.7335443038,2478.4,1394.1
1341,1940,127477,142523,1935.0441604454,2485.7,1394
1342,1941,127130,142870,1937.41945405613,2477.8,1397.9
1343,1942,126972,143028,1936.64613792211,2486.3,1397.8
1344,1943,127169,142831,1938.27431133889,2488.4,1391.9
1345,1944,127146,142854,1939.75217613927,2479.4,1394.6
1346,1945,127021,142979,1937.56348278103,2484.8,1403.7
1347,1946,127416,142584,1944.14614783967,2488.3,1396.3
1348,1947,127073,142927,1944.46810186401,2488.6,1404.5
1349,1948,127294,142706,1942.73125659979,2487.1,1397.1
1350,1949,126907,143093,1942.92562091503,2493.6,1399.8
1351,1950,127127,142873,1947.38506342221,2496.2,1402.9
1352,1951,127252,142748,1951.64978143482,2497.2,1403.8
1353,1952,127144,142856,1947.41477272727,2499.7,1408
1354,1953,126996,143004,1949.55042180402,2494.7,1403.2
1355,1954,126829,143171,1952.93540516245,2498.5,1409.3
1356,1955,127277,142723,1948.72972972973,2497.6,1407.2
1357,1956,127555,142445,1952.53799665681,2504.2,1406.8
1358,1957,126817,143183,1954.82552215996,2507,1407.6
1359,1958,127330,142670,1956.12517744225,2499.4,1407.9
1360,1959,127414,142586,1954.48363823757,2501.4,1410.4
1361,1960,127215,142785,1955.38253050739,2501.6,1416.6
1362,1961,127483,142517,1957.67533136019,2507.1,1411.3
1363,1962,127312,142688,1961.69673828631,2503.5,1423.2
1364,1963,127363,142637,1959.14421961593,2511.2,1427
1365,1964,127458,142542,1963.41175707241,2507,1425.4
1366,1965,126777,143223,1961.42082035306,2505.1,1424.1
1367,1966,127210,142790,1962.36952256377,2507.7,1425.3
1368,1967,126886,143114,1962.01488865873,2500.5,1420.6
1369,1968,127425,142575,1960.88940870695,2508.5,1423.1
1370,1969,127371,142629,1960.60128071093,2515.3,1429.2
1371,1970,126719,143281,1963.95617267702,2499.8,1431.1
1372,1971,127522,142478,1965.52082248829,2521.4,1426.6
1373,1972,127018,142982,1964.07927386705,2515.1,1433.9
1374,1973,127084,142916,1962.28966502207,2522.1,1432.2
1375,1974,127077,142923,1967.22498029945,2523.3,1428.2
1376,1975,127295,142705,1972.09518120271,2513.2,1426.6
1377,1976,127223,142777,1968.19432773109,2522.3,1428.1
1378,1977,126642,143358,1970.7541048207,2517.6,1425.8
1379,1978,127142,142858,1973.49746588694,2532.6,1435.1
1380,1979,127300,142700,1975.85669902913,2531,1434.2
1381,1980,127318,142682,1976.37239039666,2516.3,1436.7
1382,1981,127058,142942,1973.80713445708,2520.1,1430.7
1383,1982,127428,142572,1979.02083604636,2519,1444.1
1384,1983,126884,143116,1981.0774675074,2531.7,1439.7
1385,1984,127410,142590,1981.08486654574,2528.6,1435.3
1386,1985,127166,142834,1981.5307422332,2527.9,1440.3
1387,1986,126808,143192,1979.43143596378,2524.3,1440.8
1388,1987,127375,142625,1981.18193666102,2528.8,1445.7
1389,1988,127235,142765,1980.76871835865,2529.1,1446.3
1390,1989,127260,142740,1981.95519053876,2531.8,1446.4
1391,1990,126831,143169,1984.5234846497,2528.2,1435.1
1392,1991,127351,142649,1984.68794419584,2533.5,1432.7
1393,1992,127300,142700,1988.86125080593,2536.8,1449.9
1394,1993,127261,142739,1989.9609947644,2540.1,1459
1395,1994,127170,142830,1990.50170782974,2542,1458.1
1396,1995,127142,142858,1988.16664505252,2537.8,1462
1397,1996,127346,142654,1988.11115439553,2545.4,1457.7
1398,1997,127046,142954,1988.63459020686,2545.5,1451.5
1399,1998,127097,142903,1990.0186770428,2540.3,1448.5
1400,1999,127280,142720,1992.39204988309,2542.8,1452.9
1401,2000,127168,142832,1991.98551287026,2540,1452.4
1402,2001,127420,142580,1994.72258316008,2545.9,1458
1403,2002,127099,142901,1993.00398303996,2547.2,1453.3
1404,2003,127361,142639,1998.38173422268,2545,1457
1405,2004,127123,142877,2000.19433405974,2545.3,1458.2
1406,2005,127432,142568,1998.40903275333,2547.9,1466.5
1407,2006,126997,143003,1998.50350194553,2549.7,1461.4
1408,2007,127436,142564,2000.95497936017,2550.1,1461
1409,2008,127040,142960,2001.15384615385,2544.2,1457.7
1410,2009,127455,142545,2003.89480436177,2553,1457.4
1411,2010,127261,142739,2000.93150684932,2557.3,1465.2
1412,2011,127133,142867,2000.83148077169,2557.7,1466
1413,2012,127449,142551,2002.16191826737,2558.4,1463.9
1414,2013,127027,142973,2005.81789259354,2557.8,1467.8
1415,2014,127239,142761,2006.62693380675,2542.9,1467.6
1416,2015,126824,143176,2007.32630509336,2563.9,1464.7
1417,2016,127245,142755,2009.38345769571,2558.7,1469.8
1418,2017,127110,142890,2009.57887991798,2559.6,1476.4
1419,2018,127684,142316,2009.28531468531,2558.1,1466.6
1420,2019,127120,142880,2012.73478482302,2566.7,1476.4
1421,2020,127168,142832,2013.65914657729,2572.3,1477.3
1422,2021,127310,142690,2012.02916987921,2565.8,1469.6
1423,2022,127051,142949,2015.79773546063,2573.8,1473.1
1424,2023,127209,142791,2017.67460831283,2568.7,1479.5
1425,2024,126959,143041,2020.55374887082,2565.5,1483.3
1426,2025,127025,142975,2020.54248027932,2560.9,1482.7
1427,2026,127060,142940,2021.81064561314,2567.7,1486.8
1428,2027,126959,143041,2023.4378575143,2570.4,1484.9
1429,2028,127312,142688,2021.58382466034,2559.8,1477
1430,2029,127106,142894,2023.87376396558,2573.2,1496.4
1431,2030,127224,142776,2022.66505040194,2577.1,1484.3
1432,2031,127052,142948,2022.2323258529,2571.6,1492.1
1433,2032,127506,142494,2023.42449773169,2571.4,1480
1434,2033,127156,142844,2033.63021843092,2586.6,1484.6
1435,2034,127004,142996,2034.46628056628,2583,1495
1436,2035,127166,142834,2033.18489245919,2583.8,1491.5
1437,2036,127239,142761,2036.33423111453,2582.4,1493.4
1438,2037,127294,142706,2033.6079640334,2580.5,1489.5
1439,2038,127280,142720,2036.01810188777,2583.6,1488.7
1440,2039,127056,142944,2040.00358606557,2578,1488.4
1441,2040,127553,142447,2040.00051170526,2578.6,1494.8
1442,2041,127170,142830,2040.2335606743,2577.8,1494.6
1443,2042,127602,142398,2042.55209145233,2581.2,1501.8
1444,2043,127216,142784,2038.86436959608,2580.9,1502.4
1445,2044,127149,142851,2042.52257815515,2597.8,1498.1
1446,2045,127068,142932,2043.17885552989,2585.4,1500
1447,2046,127127,142873,2042.37959130885,2603,1495
1448,2047,126981,143019,2040.91305476252,2590.5,1498.2
1449,2048,127451,142549,2043.20541442135,2594.1,1503.5
1450,2049,127116,142884,2049.54151624549,2586.4,1503.4
1451,2050,127279,142721,2046.00805822719,2589.9,1499.8
1452,2051,126886,143114,2044.70765239948,2585.4,1507.7
1453,2052,126887,143113,2047.07270838743,2602.8,1505
1454,2053,127007,142993,2045.78963852277,2607.6,1500.2
1455,2054,127435,142565,2051.32469040248,2600.1,1500.8
1456,2055,127380,142620,2050.97213622291,2589.1,1505.6
1457,2056,127097,142903,2051.16940173149,2593.8,1510.9
1458,2057,127201,142799,2051.91399229782,2596.1,1521.8
1459,2058,127333,142667,2055.85289235091,2596.2,1513.5
1460,2059,126980,143020,2054.92366215345,2599,1514.9
1461,2060,127009,142991,2054.13733075435,2610.5,1522.5
1462,2061,127249,142751,2054.27615276536,2604.5,1520
1463,2062,127042,142958,2052.89529199897,2609.5,1513.8
1464,2063,127092,142908,2058.91294148312,2607.1,1518.3
1465,2064,127142,142858,2056.19125824389,2609.7,1520.9
1466,2065,127046,142954,2060.18874514877,2611.4,1525.2
1467,2066,127158,142842,2064.53143596378,2615.4,1527
1468,2067,127016,142984,2064.42446324008,2618.3,1516.4
1469,2068,127304,142696,2065.14959708864,2616.6,1527.7
1470,2069,127300,142700,2063.08501971091,2607.1,1526.6
1471,2070,127248,142752,2064.8302128751,2606.7,1533.1
1472,2071,126956,143044,2067.77418121575,2623.9,1523.5
1473,2072,127279,142721,2071.07472012497,2617.4,1532.5
1474,2073,127441,142559,2071.41246598419,2621.8,1537.6
1475,2074,127415,142585,2071.60791135163,2619.3,1533.7
1476,2075,127278,142722,2070.91603749024,2618.7,1525.8
1477,2076,127062,142938,2068.96915167095,2610.5,1536.6
1478,2077,127100,142900,2069.36123291205,2624.6,1535.6
1479,2078,127110,142890,2074.49174193548,2623.6,1532
1480,2079,127333,142667,2074.69642391021,2623.9,1533.4
1481,2080,127061,142939,2075.00039287585,2632.2,1540.2
1482,2081,127118,142882,2076.18936702198,2615.6,1537.6
1483,2082,127273,142727,2078.49139300847,2634.3,1532.7
1484,2083,127228,142772,2079.05387117762,2632.7,1530.5
1485,2084,127031,142969,2077.7751651255,2628.5,1536.8
1486,2085,127197,142803,2078.78363874346,2623.6,1530.7
1487,2086,126843,143157,2081.85122238201,2628.4,1542.3
1488,2087,127171,142829,2081.54344412457,2635.5,1542.8
1489,2088,127183,142817,2086.92589227774,2632.9,1538.4
1490,2089,127151,142849,2085.90424274268,2626.4,1541.3
1491,2090,127188,142812,2086.24463685707,2630.1,1539
1492,2091,126959,143041,2085.96796218487,2639.5,1541
1493,2092,127140,142860,2089.13924548074,2652.3,1547
1494,2093,126956,143044,2089.53520010567,2643.8,1553.3
1495,2094,127099,142901,2092.1687982947,2631.8,1549.5
1496,2095,126926,143074,2091.60521172638,2638.9,1553.7
1497,2096,127030,142970,2092.37804720753,2638.1,1551.6
1498,2097,127082,142918,2090.22635135135,2634.1,1554.8
1499,2098,127163,142837,2095.26188016529,2638.4,1552.3
1500,2099,127409,142591,2095.69137396694,2650.1,1566.1
